job_id,country,number,job_url
063ac511572a5830,us,1,https://www.indeed.com/viewjob?jk=063ac511572a5830
709cbd469c5ab942,us,2,https://www.indeed.com/viewjob?jk=709cbd469c5ab942
c98d04536fc5e772,us,3,https://www.indeed.com/viewjob?jk=c98d04536fc5e772
990e2b74bb3e2169,us,4,https://www.indeed.com/viewjob?jk=990e2b74bb3e2169
b723184b73599161,us,5,https://www.indeed.com/viewjob?jk=b723184b73599161
da70ccc1a8fb174a,us,6,https://www.indeed.com/viewjob?jk=da70ccc1a8fb174a
827521761b0bb70e,us,7,https://www.indeed.com/viewjob?jk=827521761b0bb70e
07f05e1684152cb1,us,8,https://www.indeed.com/viewjob?jk=07f05e1684152cb1
a39d1ab79e7e7403,us,9,https://www.indeed.com/viewjob?jk=a39d1ab79e7e7403
417f94465f37b0f2,us,10,https://www.indeed.com/viewjob?jk=417f94465f37b0f2
c5e1836974ab269e,us,11,https://www.indeed.com/viewjob?jk=c5e1836974ab269e
d92e3936d86af9ca,us,12,https://www.indeed.com/viewjob?jk=d92e3936d86af9ca
a27aa496c696b4bd,us,13,https://www.indeed.com/viewjob?jk=a27aa496c696b4bd
7d4ad7b9d9a70a50,us,14,https://www.indeed.com/viewjob?jk=7d4ad7b9d9a70a50
460cce461bec5669,us,15,https://www.indeed.com/viewjob?jk=460cce461bec5669
c98d04536fc5e772,us,16,https://www.indeed.com/viewjob?jk=c98d04536fc5e772
d16a56a68f5fccbc,us,17,https://www.indeed.com/viewjob?jk=d16a56a68f5fccbc
063ac511572a5830,us,18,https://www.indeed.com/viewjob?jk=063ac511572a5830
1e8ece5c49298c63,us,19,https://www.indeed.com/viewjob?jk=1e8ece5c49298c63
a27aa496c696b4bd,us,20,https://www.indeed.com/viewjob?jk=a27aa496c696b4bd
f15c0f0ff43e685f,us,21,https://www.indeed.com/viewjob?jk=f15c0f0ff43e685f
c4887df533bb44a4,us,22,https://www.indeed.com/viewjob?jk=c4887df533bb44a4
52636e89fb6985b0,us,23,https://www.indeed.com/viewjob?jk=52636e89fb6985b0
460cce461bec5669,us,24,https://www.indeed.com/viewjob?jk=460cce461bec5669
16437d06380287a9,us,25,https://www.indeed.com/viewjob?jk=16437d06380287a9
827521761b0bb70e,us,26,https://www.indeed.com/viewjob?jk=827521761b0bb70e
c30c3f753af35a48,us,27,https://www.indeed.com/viewjob?jk=c30c3f753af35a48
3843153749cd57a6,us,28,https://www.indeed.com/viewjob?jk=3843153749cd57a6
4878b2f5525a8e62,us,29,https://www.indeed.com/viewjob?jk=4878b2f5525a8e62
f59aef6085566bb4,us,30,https://www.indeed.com/viewjob?jk=f59aef6085566bb4
b3839a255ba56f37,it,1,https://www.indeed.com/viewjob?jk=b3839a255ba56f37
b869259993b730e9,it,2,https://www.indeed.com/viewjob?jk=b869259993b730e9
86157ea1e94e6153,it,3,https://www.indeed.com/viewjob?jk=86157ea1e94e6153
1c18d9b691e03d58,it,4,https://www.indeed.com/viewjob?jk=1c18d9b691e03d58
0ea28ba1d7bd3da4,it,5,https://www.indeed.com/viewjob?jk=0ea28ba1d7bd3da4
0861cb4dcf56ddc7,it,6,https://www.indeed.com/viewjob?jk=0861cb4dcf56ddc7
5e5d27ece5a7827b,it,7,https://www.indeed.com/viewjob?jk=5e5d27ece5a7827b
52bcc27819c1aa2b,it,8,https://www.indeed.com/viewjob?jk=52bcc27819c1aa2b
1763cc9898a33776,it,9,https://www.indeed.com/viewjob?jk=1763cc9898a33776
67c3948ec7d6166c,it,10,https://www.indeed.com/viewjob?jk=67c3948ec7d6166c
1f2f3320439ee7c6,it,11,https://www.indeed.com/viewjob?jk=1f2f3320439ee7c6
4550f4197fc581c8,it,12,https://www.indeed.com/viewjob?jk=4550f4197fc581c8
b38c7abb6bc8e898,it,13,https://www.indeed.com/viewjob?jk=b38c7abb6bc8e898
e1d76984c97d4355,it,14,https://www.indeed.com/viewjob?jk=e1d76984c97d4355
65a2eb974cb7ddcb,it,15,https://www.indeed.com/viewjob?jk=65a2eb974cb7ddcb
21ab70eb5f843c38,it,16,https://www.indeed.com/viewjob?jk=21ab70eb5f843c38
a0030a202d1c5d19,it,17,https://www.indeed.com/viewjob?jk=a0030a202d1c5d19
5f5a39a2d7365e25,it,18,https://www.indeed.com/viewjob?jk=5f5a39a2d7365e25
96882a7d80e00148,it,19,https://www.indeed.com/viewjob?jk=96882a7d80e00148
b718a2fb42a06927,it,20,https://www.indeed.com/viewjob?jk=b718a2fb42a06927
9f6fe5f7aa53fe3d,it,21,https://www.indeed.com/viewjob?jk=9f6fe5f7aa53fe3d
f39bb9f96417f12b,it,22,https://www.indeed.com/viewjob?jk=f39bb9f96417f12b
32e8e4259831cb7a,it,23,https://www.indeed.com/viewjob?jk=32e8e4259831cb7a
45addb27e88cc399,it,24,https://www.indeed.com/viewjob?jk=45addb27e88cc399
f1381b171032ec4b,it,25,https://www.indeed.com/viewjob?jk=f1381b171032ec4b
1f25e10de8aebab9,it,26,https://www.indeed.com/viewjob?jk=1f25e10de8aebab9
00a6a6ebed994b2d,it,27,https://www.indeed.com/viewjob?jk=00a6a6ebed994b2d
1d495474d00b81e0,it,28,https://www.indeed.com/viewjob?jk=1d495474d00b81e0
422b54a01a326eeb,uk,1,https://www.indeed.com/viewjob?jk=422b54a01a326eeb
cc9573e7d54131ec,uk,2,https://www.indeed.com/viewjob?jk=cc9573e7d54131ec
7acdfdea0c125107,uk,3,https://www.indeed.com/viewjob?jk=7acdfdea0c125107
b9b1601c5d887181,uk,4,https://www.indeed.com/viewjob?jk=b9b1601c5d887181
6f7127dce9c92efe,uk,5,https://www.indeed.com/viewjob?jk=6f7127dce9c92efe
06349d1f156461f0,uk,6,https://www.indeed.com/viewjob?jk=06349d1f156461f0
a568e371ce89d813,uk,7,https://www.indeed.com/viewjob?jk=a568e371ce89d813
5cd6404ee86cb023,uk,8,https://www.indeed.com/viewjob?jk=5cd6404ee86cb023
49ae81e676f5a4c5,uk,9,https://www.indeed.com/viewjob?jk=49ae81e676f5a4c5
b95da348659b2099,uk,10,https://www.indeed.com/viewjob?jk=b95da348659b2099
b5f66fa875e7b15d,uk,11,https://www.indeed.com/viewjob?jk=b5f66fa875e7b15d
563d652d4266744b,uk,12,https://www.indeed.com/viewjob?jk=563d652d4266744b
38191d70f89b65d5,uk,13,https://www.indeed.com/viewjob?jk=38191d70f89b65d5
9eef45e27f08dbd8,uk,14,https://www.indeed.com/viewjob?jk=9eef45e27f08dbd8
890e27897e010d5b,uk,15,https://www.indeed.com/viewjob?jk=890e27897e010d5b
ed60f7087944b742,uk,16,https://www.indeed.com/viewjob?jk=ed60f7087944b742
f77833dfd2f3a9ea,uk,17,https://www.indeed.com/viewjob?jk=f77833dfd2f3a9ea
4b14553f8bb514ad,uk,18,https://www.indeed.com/viewjob?jk=4b14553f8bb514ad
db002983348bf984,uk,19,https://www.indeed.com/viewjob?jk=db002983348bf984
f7f5941f428b8935,uk,20,https://www.indeed.com/viewjob?jk=f7f5941f428b8935
49e6dd0b4b8b6ddc,uk,21,https://www.indeed.com/viewjob?jk=49e6dd0b4b8b6ddc
6c8b9989aeafd4a2,uk,22,https://www.indeed.com/viewjob?jk=6c8b9989aeafd4a2
b6f60ea3bcc7eaef,uk,23,https://www.indeed.com/viewjob?jk=b6f60ea3bcc7eaef
c46d93a94511a51f,uk,24,https://www.indeed.com/viewjob?jk=c46d93a94511a51f
f5aa3e10257c6dea,uk,25,https://www.indeed.com/viewjob?jk=f5aa3e10257c6dea
721c6ed508936b59,uk,26,https://www.indeed.com/viewjob?jk=721c6ed508936b59
01d65ff44bd88d74,uk,27,https://www.indeed.com/viewjob?jk=01d65ff44bd88d74
10d5202483be9075,uk,28,https://www.indeed.com/viewjob?jk=10d5202483be9075
dba3e275a387a21a,uk,29,https://www.indeed.com/viewjob?jk=dba3e275a387a21a
8049a840ecb8810e,uk,30,https://www.indeed.com/viewjob?jk=8049a840ecb8810e
